no,지역,대학,전과목,국어,영어,수학,사회,과학,국영수,국영수과,국영수사,국영수과사,불합
1,서울,5,3.077,2.889,3.5,1.778,2.714,3.5,2.722,2.975,2.721,2.936,0
2,서울,5,3.077,2.889,3.5,1.778,2.714,3.5,2.722,2.975,2.721,2.936,0
3,경기,5,3.077,2.889,3.5,1.778,2.714,3.5,2.722,2.975,2.721,2.936,0
4,경기,5,3.077,2.889,3.5,1.778,2.714,3.5,2.722,2.975,2.721,2.936,0
5,서울,6,3.077,2.889,3.5,1.778,2.714,3.5,2.722,2.975,2.721,2.936,0
6,경기,5,3.077,2.889,3.5,1.778,2.714,3.5,2.722,2.975,2.721,2.936,1
7,경기,6,7.548,7.722,7.5,7.944,7.5,7,7.722,7.629,7.64,7.585,0
8,경기,5,3.163,3.5,3.056,2.722,3.313,2.5,3.093,3.016,3.174,3.117,0
9,서울,5,3.163,3.5,3.056,2.722,3.313,2.5,3.093,3.016,3.174,3.117,0
10,서울,5,3.163,3.5,3.056,2.722,3.313,2.5,3.093,3.016,3.174,3.117,0
11,서울,5,3.163,3.5,3.056,2.722,3.313,2.5,3.093,3.016,3.174,3.117,0
12,서울,5,3.163,3.5,3.056,2.722,3.313,2.5,3.093,3.016,3.174,3.117,0
13,경기,5,3.163,3.5,3.056,2.722,3.313,2.5,3.093,3.016,3.174,3.117,0
14,서울,6,3.163,3.5,3.056,2.722,3.313,2.5,3.093,3.016,3.174,3.117,1
15,서울,5,2.346,1.778,2.222,3.056,1.85,2.45,2.352,2.378,2.216,2.266,0
16,서울,5,2.346,1.778,2.222,3.056,1.85,2.45,2.352,2.378,2.216,2.266,1
17,서울,4,2.346,1.778,2.222,3.056,1.85,2.45,2.352,2.378,2.216,2.266,0
18,서울,5,2.346,1.778,2.222,3.056,1.85,2.45,2.352,2.378,2.216,2.266,0
19,서울,5,2.346,1.778,2.222,3.056,1.85,2.45,2.352,2.378,2.216,2.266,0
20,서울,5,2.346,1.778,2.222,3.056,1.85,2.45,2.352,2.378,2.216,2.266,0
21,서울,5,2.615,3.333,3,1.5,2.643,2.5,2.611,2.575,2.618,2.585,1
22,서울,4,2.615,3.333,3,1.5,2.643,2.5,2.611,2.575,2.618,2.585,0
23,서울,5,2.615,3.333,3,1.5,2.643,2.5,2.611,2.575,2.618,2.585,0
24,서울,5,2.615,3.333,3,1.5,2.643,2.5,2.611,2.575,2.618,2.585,0
25,서울,4,2.615,3.333,3,1.5,2.643,2.5,2.611,2.575,2.618,2.585,0
26,서울,4,2.615,3.333,3,1.5,2.643,2.5,2.611,2.575,2.618,2.585,0
27,서울,1,2.875,2.722,3.222,4,1.885,3.143,3.315,3.279,2.85,2.894,0
28,서울,3,2.875,2.722,3.222,4,1.885,3.143,3.315,3.279,2.85,2.894,1
29,서울,2,2.875,2.722,3.222,4,1.885,3.143,3.315,3.279,2.85,2.894,0
30,서울,1,2.875,2.722,3.222,4,1.885,3.143,3.315,3.279,2.85,2.894,0
31,서울,4,2.875,2.722,3.222,4,1.885,3.143,3.315,3.279,2.85,2.894,0
32,서울,5,2.875,2.722,3.222,4,1.885,3.143,3.315,3.279,2.85,2.894,0
33,서울,5,3.288,3.222,5,3.556,2.786,2.385,3.926,3.425,3.691,3.33,0
34,서울,4,3.288,3.222,5,3.556,2.786,2.385,3.926,3.425,3.691,3.33,0
35,서울,4,3.288,3.222,5,3.556,2.786,2.385,3.926,3.425,3.691,3.33,0
36,경기,5,3.288,3.222,5,3.556,2.786,2.385,3.926,3.425,3.691,3.33,0
37,경기,5,3.288,3.222,5,3.556,2.786,2.385,3.926,3.425,3.691,3.33,0
38,경기,5,3.288,3.222,5,3.556,2.786,2.385,3.926,3.425,3.691,3.33,0
39,서울,6,5.269,5,5.5,5.222,4.929,5.654,5.241,5.375,5.176,5.309,0
40,서울,5,5.269,5,5.5,5.222,4.929,5.654,5.241,5.375,5.176,5.309,0
41,서울,6,5.269,5,5.5,5.222,4.929,5.654,5.241,5.375,5.176,5.309,0
42,세종,6,5.269,5,5.5,5.222,4.929,5.654,5.241,5.375,5.176,5.309,0
43,서울,6,5.269,5,5.5,5.222,4.929,5.654,5.241,5.375,5.176,5.309,0
44,충북,6,5.269,5,5.5,5.222,4.929,5.654,5.241,5.375,5.176,5.309,0
45,서울,6,5.269,5,5.5,5.222,4.929,5.654,5.241,5.375,5.176,5.309,1
46,인천,6,5.269,5,5.5,5.222,4.929,5.654,5.241,5.375,5.176,5.309,1
47,서울,6,5.269,5,5.5,5.222,4.929,5.654,5.241,5.375,5.176,5.309,1
48,서울,6,6.308,6.556,6.556,6.778,5.929,6.269,6.63,6.513,6.485,6.426,0
49,경기,6,6.308,6.556,6.556,6.778,5.929,6.269,6.63,6.513,6.485,6.426,0
50,경기,6,6.308,6.556,6.556,6.778,5.929,6.269,6.63,6.513,6.485,6.426,0
51,경기,6,6.596,6.722,6.5,7.278,6.269,6.786,6.833,6.824,6.65,6.67,0
52,경기,6,6.596,6.722,6.5,7.278,6.269,6.786,6.833,6.824,6.65,6.67,1
53,서울,5,3.596,3.556,4.5,3,3.714,3.615,3.685,3.663,3.691,3.67,0
54,서울,5,3.596,3.556,4.5,3,3.714,3.615,3.685,3.663,3.691,3.67,0
55,경기,6,3.596,3.556,4.5,3,3.714,3.615,3.685,3.663,3.691,3.67,0
56,서울,6,3.596,3.556,4.5,3,3.714,3.615,3.685,3.663,3.691,3.67,0
57,경기,6,3.596,3.556,4.5,3,3.714,3.615,3.685,3.663,3.691,3.67,0
58,경기,6,3.596,3.556,4.5,3,3.714,3.615,3.685,3.663,3.691,3.67,0
59,경기,6,3.442,4.056,2.722,2.5,4.286,3.077,3.093,3.087,3.338,3.266,0
60,서울,4,3.442,4.056,2.722,2.5,4.286,3.077,3.093,3.087,3.338,3.266,0
61,서울,5,3.442,4.056,2.722,2.5,4.286,3.077,3.093,3.087,3.338,3.266,0
62,서울,5,3.442,4.056,2.722,2.5,4.286,3.077,3.093,3.087,3.338,3.266,0
63,서울,5,3.442,4.056,2.722,2.5,4.286,3.077,3.093,3.087,3.338,3.266,0
64,서울,5,3.442,4.056,2.722,2.5,4.286,3.077,3.093,3.087,3.338,3.266,0
65,서울,4,4.356,5,4.778,3.944,4,4.154,4.574,4.438,4.456,4.372,0
66,서울,5,4.356,5,4.778,3.944,4,4.154,4.574,4.438,4.456,4.372,0
67,서울,5,4.356,5,4.778,3.944,4,4.154,4.574,4.438,4.456,4.372,0
68,서울,5,4.356,5,4.778,3.944,4,4.154,4.574,4.438,4.456,4.372,0
69,경기,5,4.356,5,4.778,3.944,4,4.154,4.574,4.438,4.456,4.372,0
70,경기,6,4.356,5,4.778,3.944,4,4.154,4.574,4.438,4.456,4.372,0
71,서울,4,2.846,2.556,2.056,3.222,2.286,3.038,2.611,2.75,2.544,2.681,0
72,서울,5,2.846,2.556,2.056,3.222,2.286,3.038,2.611,2.75,2.544,2.681,1
73,서울,5,2.846,2.556,2.056,3.222,2.286,3.038,2.611,2.75,2.544,2.681,0
74,서울,5,2.846,2.556,2.056,3.222,2.286,3.038,2.611,2.75,2.544,2.681,1
75,서울,4,2.846,2.556,2.056,3.222,2.286,3.038,2.611,2.75,2.544,2.681,0
76,인천,5,2.846,2.556,2.056,3.222,2.286,3.038,2.611,2.75,2.544,2.681,1
77,서울,3,2.567,3.222,3.222,3.5,1.85,1.85,3.315,2.919,2.919,2.691,0
78,서울,1,2.567,3.222,3.222,3.5,1.85,1.85,3.315,2.919,2.919,2.691,0
79,서울,2,2.567,3.222,3.222,3.5,1.85,1.85,3.315,2.919,2.919,2.691,0
80,서울,4,2.567,3.222,3.222,3.5,1.85,1.85,3.315,2.919,2.919,2.691,1
81,경기,6,2.567,3.222,3.222,3.5,1.85,1.85,3.315,2.919,2.919,2.691,1
82,서울,5,2.567,3.222,3.222,3.5,1.85,1.85,3.315,2.919,2.919,2.691,1
83,경기,6,4.731,5.222,4.278,3.722,5.156,6,4.407,4.613,4.686,4.798,0
84,경기,5,4.731,5.222,4.278,3.722,5.156,6,4.407,4.613,4.686,4.798,0
85,경기,6,4.731,5.222,4.278,3.722,5.156,6,4.407,4.613,4.686,4.798,0
86,경기,6,4.731,5.222,4.278,3.722,5.156,6,4.407,4.613,4.686,4.798,0
87,인천,6,4.731,5.222,4.278,3.722,5.156,6,4.407,4.613,4.686,4.798,0
88,경기,6,4.798,4.778,4.722,5.278,4.423,5.5,4.926,5.044,4.763,4.872,0
89,경기,6,4.798,4.778,4.722,5.278,4.423,5.5,4.926,5.044,4.763,4.872,0
90,경기,6,4.798,4.778,4.722,5.278,4.423,5.5,4.926,5.044,4.763,4.872,0
91,경기,6,4.798,4.778,4.722,5.278,4.423,5.5,4.926,5.044,4.763,4.872,0
92,경기,6,4.798,4.778,4.722,5.278,4.423,5.5,4.926,5.044,4.763,4.872,0
93,경기,6,4.798,4.778,4.722,5.278,4.423,5.5,4.926,5.044,4.763,4.872,1
94,서울,5,3.126,2.875,3.048,3,3,3.923,2.971,3.232,2.976,3.202,0
95,서울,3,3.126,2.875,3.048,3,3,3.923,2.971,3.232,2.976,3.202,0
96,서울,5,3.126,2.875,3.048,3,3,3.923,2.971,3.232,2.976,3.202,0
97,경기,5,3.126,2.875,3.048,3,3,3.923,2.971,3.232,2.976,3.202,0
98,경기,6,3.126,2.875,3.048,3,3,3.923,2.971,3.232,2.976,3.202,0
99,인천,5,3.126,2.875,3.048,3,3,3.923,2.971,3.232,2.976,3.202,0
100,경기,6,3.779,4.125,4,3.714,3.079,4,3.955,3.959,3.635,3.661,0
101,서울,6,3.779,4.125,4,3.714,3.079,4,3.955,3.959,3.635,3.661,0
102,서울,6,3.779,4.125,4,3.714,3.079,4,3.955,3.959,3.635,3.661,0
103,경기,5,3.779,4.125,4,3.714,3.079,4,3.955,3.959,3.635,3.661,0
104,경기,6,3.779,4.125,4,3.714,3.079,4,3.955,3.959,3.635,3.661,0
105,충남,6,4.546,4.417,5,4.458,4.8,4.4,4.609,4.562,4.652,4.606,0
106,경기,6,4.546,4.417,5,4.458,4.8,4.4,4.609,4.562,4.652,4.606,0
107,경기,6,4.546,4.417,5,4.458,4.8,4.4,4.609,4.562,4.652,4.606,0
108,경기,6,4.546,4.417,5,4.458,4.8,4.4,4.609,4.562,4.652,4.606,0
109,경기,6,4.546,4.417,5,4.458,4.8,4.4,4.609,4.562,4.652,4.606,0
110,충남,6,4.546,4.417,5,4.458,4.8,4.4,4.609,4.562,4.652,4.606,0
111,서울,6,6.303,6,6.381,6.857,6.053,7.5,6.413,6.535,6.277,6.367,0
112,서울,5,6.303,6,6.381,6.857,6.053,7.5,6.413,6.535,6.277,6.367,0
113,경기,6,6.303,6,6.381,6.857,6.053,7.5,6.413,6.535,6.277,6.367,0
114,서울,6,6.433,6,6.444,7.167,6.25,7.5,6.537,6.661,6.43,6.521,0
115,경기,6,6.433,6,6.444,7.167,6.25,7.5,6.537,6.661,6.43,6.521,1
116,경기,6,6.433,6,6.444,7.167,6.25,7.5,6.537,6.661,6.43,6.521,1
117,서울,6,6.433,6,6.444,7.167,6.25,7.5,6.537,6.661,6.43,6.521,0
118,전북,6,6.433,6,6.444,7.167,6.25,7.5,6.537,6.661,6.43,6.521,1
119,경기,6,6.433,6,6.444,7.167,6.25,7.5,6.537,6.661,6.43,6.521,0
120,경기,6,6.433,6,6.444,7.167,6.25,7.5,6.537,6.661,6.43,6.521,0
121,서울,6,6.433,6,6.444,7.167,6.25,7.5,6.537,6.661,6.43,6.521,1
122,경기,6,6.433,6,6.444,7.167,6.25,7.5,6.537,6.661,6.43,6.521,0
123,경기,6,6.433,6,6.444,7.167,6.25,7.5,6.537,6.661,6.43,6.521,0
124,서울,4,2.792,2.958,1.75,3,2.85,3.692,2.551,2.863,2.618,2.861,0
125,서울,3,2.792,2.958,1.75,3,2.85,3.692,2.551,2.863,2.618,2.861,0
126,서울,4,2.792,2.958,1.75,3,2.85,3.692,2.551,2.863,2.618,2.861,0
127,서울,3,2.792,2.958,1.75,3,2.85,3.692,2.551,2.863,2.618,2.861,0
128,경기,6,2.792,2.958,1.75,3,2.85,3.692,2.551,2.863,2.618,2.861,1
129,세종,5,2.792,2.958,1.75,3,2.85,3.692,2.551,2.863,2.618,2.861,0
130,서울,4,3.748,3.542,4,2.833,4.15,3.8,3.435,3.517,3.596,3.633,0
131,서울,5,3.748,3.542,4,2.833,4.15,3.8,3.435,3.517,3.596,3.633,0
132,서울,5,3.748,3.542,4,2.833,4.15,3.8,3.435,3.517,3.596,3.633,0
133,경기,5,3.748,3.542,4,2.833,4.15,3.8,3.435,3.517,3.596,3.633,0
134,인천,5,3.748,3.542,4,2.833,4.15,3.8,3.435,3.517,3.596,3.633,0
135,인천,5,3.748,3.542,4,2.833,4.15,3.8,3.435,3.517,3.596,3.633,1
136,서울,6,4.049,3.833,3.714,5.19,3.5,4.357,4.227,4.25,3.99,4.036,1
137,서울,5,4.049,3.833,3.714,5.19,3.5,4.357,4.227,4.25,3.99,4.036,0
138,서울,1,4.049,3.833,3.714,5.19,3.5,4.357,4.227,4.25,3.99,4.036,0
139,서울,4,4.049,3.833,3.714,5.19,3.5,4.357,4.227,4.25,3.99,4.036,0
140,서울,6,4.049,3.833,3.714,5.19,3.5,4.357,4.227,4.25,3.99,4.036,1
141,서울,6,4.049,3.833,3.714,5.19,3.5,4.357,4.227,4.25,3.99,4.036,1
142,경기,6,4.773,4.792,5.095,3.958,4.786,4.923,4.594,4.684,4.627,4.697,0
143,경기,6,4.773,4.792,5.095,3.958,4.786,4.923,4.594,4.684,4.627,4.697,0
144,경기,6,4.773,4.792,5.095,3.958,4.786,4.923,4.594,4.684,4.627,4.697,0
145,경기,6,4.773,4.792,5.095,3.958,4.786,4.923,4.594,4.684,4.627,4.697,0
146,경기,6,4.773,4.792,5.095,3.958,4.786,4.923,4.594,4.684,4.627,4.697,0
147,경기,6,4.773,4.792,5.095,3.958,4.786,4.923,4.594,4.684,4.627,4.697,1
148,경기,6,5.203,4.762,4.857,6.81,4.289,7.5,5.476,5.704,5.03,5.211,0
149,경기,6,5.203,4.762,4.857,6.81,4.289,7.5,5.476,5.704,5.03,5.211,0
150,인천,6,3.462,3.583,4.429,3.208,3.5,2.6,3.71,3.461,3.663,3.468,0
151,서울,6,3.462,3.583,4.429,3.208,3.5,2.6,3.71,3.461,3.663,3.468,0
152,경기,6,3.462,3.583,4.429,3.208,3.5,2.6,3.71,3.461,3.663,3.468,0
153,경기,6,3.462,3.583,4.429,3.208,3.5,2.6,3.71,3.461,3.663,3.468,0
154,경기,6,3.462,3.583,4.429,3.208,3.5,2.6,3.71,3.461,3.663,3.468,0
155,경기,4,3.462,3.583,4.429,3.208,3.5,2.6,3.71,3.461,3.663,3.468,1
156,서울,6,4.748,4.476,4.81,5.238,4.211,6,4.841,4.972,4.604,4.706,0
157,서울,6,4.748,4.476,4.81,5.238,4.211,6,4.841,4.972,4.604,4.706,0
158,서울,5,4.748,4.476,4.81,5.238,4.211,6,4.841,4.972,4.604,4.706,0
159,경기,6,4.748,4.476,4.81,5.238,4.211,6,4.841,4.972,4.604,4.706,1
160,경기,6,4.748,4.476,4.81,5.238,4.211,6,4.841,4.972,4.604,4.706,0
161,경기,6,4.748,4.476,4.81,5.238,4.211,6,4.841,4.972,4.604,4.706,0
162,경기,6,4.748,4.476,4.81,5.238,4.211,6,4.841,4.972,4.604,4.706,0
163,서울,5,4.504,4.333,5.19,6.333,3.6,4.5,5.242,5.162,4.673,4.661,0
164,서울,5,4.504,4.333,5.19,6.333,3.6,4.5,5.242,5.162,4.673,4.661,0
165,경기,6,4.504,4.333,5.19,6.333,3.6,4.5,5.242,5.162,4.673,4.661,0
166,경기,6,4.504,4.333,5.19,6.333,3.6,4.5,5.242,5.162,4.673,4.661,0
167,경기,6,4.504,4.333,5.19,6.333,3.6,4.5,5.242,5.162,4.673,4.661,0
168,경기,6,4.504,4.333,5.19,6.333,3.6,4.5,5.242,5.162,4.673,4.661,0
169,서울,6,4.504,4.333,5.19,6.333,3.6,4.5,5.242,5.162,4.673,4.661,0
170,경기,6,4.504,4.333,5.19,6.333,3.6,4.5,5.242,5.162,4.673,4.661,0
171,경기,6,4.504,4.333,5.19,6.333,3.6,4.5,5.242,5.162,4.673,4.661,0
172,서울,6,4.504,4.333,5.19,6.333,3.6,4.5,5.242,5.162,4.673,4.661,0
173,서울,6,4.504,4.333,5.19,6.333,3.6,4.5,5.242,5.162,4.673,4.661,0
174,경기,6,4.504,4.333,5.19,6.333,3.6,4.5,5.242,5.162,4.673,4.661,0
175,서울,5,6.392,6.167,6.875,6.476,6.538,6.25,6.507,6.449,6.516,6.47,0
176,서울,5,6.392,6.167,6.875,6.476,6.538,6.25,6.507,6.449,6.516,6.47,0
177,경기,6,6.392,6.167,6.875,6.476,6.538,6.25,6.507,6.449,6.516,6.47,0
178,경기,6,6.392,6.167,6.875,6.476,6.538,6.25,6.507,6.449,6.516,6.47,0
179,인천,2,2.025,1.833,1.286,1.375,2.45,2.85,1.507,1.809,1.719,1.927,0
180,서울,2,2.025,1.833,1.286,1.375,2.45,2.85,1.507,1.809,1.719,1.927,0
181,서울,4,2.025,1.833,1.286,1.375,2.45,2.85,1.507,1.809,1.719,1.927,0
182,서울,1,2.025,1.833,1.286,1.375,2.45,2.85,1.507,1.809,1.719,1.927,0
183,서울,4,2.025,1.833,1.286,1.375,2.45,2.85,1.507,1.809,1.719,1.927,0
184,서울,4,2.025,1.833,1.286,1.375,2.45,2.85,1.507,1.809,1.719,1.927,0
185,서울,4,2.941,2.917,3,1.333,3.343,4,2.439,2.608,2.752,2.844,0
186,서울,5,2.941,2.917,3,1.333,3.343,4,2.439,2.608,2.752,2.844,0
187,서울,4,2.941,2.917,3,1.333,3.343,4,2.439,2.608,2.752,2.844,0
188,서울,5,2.941,2.917,3,1.333,3.343,4,2.439,2.608,2.752,2.844,0
189,서울,6,2.941,2.917,3,1.333,3.343,4,2.439,2.608,2.752,2.844,1
190,서울,5,2.941,2.917,3,1.333,3.343,4,2.439,2.608,2.752,2.844,1
191,경기,5,4.928,3.542,5.333,6.095,4.737,5.5,4.942,5,4.869,4.913,0
192,경기,5,4.928,3.542,5.333,6.095,4.737,5.5,4.942,5,4.869,4.913,0
193,경기,5,4.928,3.542,5.333,6.095,4.737,5.5,4.942,5,4.869,4.913,0
194,서울,2,4.928,3.542,5.333,6.095,4.737,5.5,4.942,5,4.869,4.913,0
195,서울,5,4.928,3.542,5.333,6.095,4.737,5.5,4.942,5,4.869,4.913,0
196,인천,5,4.928,3.542,5.333,6.095,4.737,5.5,4.942,5,4.869,4.913,0
197,서울,6,4.928,3.542,5.333,6.095,4.737,5.5,4.942,5,4.869,4.913,1
198,경기,6,3.592,3.292,3.5,4.524,3.579,3.5,3.739,3.714,3.682,3.67,0
199,서울,5,3.592,3.292,3.5,4.524,3.579,3.5,3.739,3.714,3.682,3.67,0
200,서울,5,3.592,3.292,3.5,4.524,3.579,3.5,3.739,3.714,3.682,3.67,0
201,경기,5,3.592,3.292,3.5,4.524,3.579,3.5,3.739,3.714,3.682,3.67,0
202,서울,4,3.592,3.292,3.5,4.524,3.579,3.5,3.739,3.714,3.682,3.67,0
203,서울,5,3.592,3.292,3.5,4.524,3.579,3.5,3.739,3.714,3.682,3.67,0
204,서울,4,1.664,1,1.19,2.542,1.286,1.962,1.621,1.717,1.563,1.66,0
205,대구,6,1.664,1,1.19,2.542,1.286,1.962,1.621,1.717,1.563,1.66,0
206,서울,3,1.664,1,1.19,2.542,1.286,1.962,1.621,1.717,1.563,1.66,1
207,서울,2,1.664,1,1.19,2.542,1.286,1.962,1.621,1.717,1.563,1.66,1
208,경북,6,1.664,1,1.19,2.542,1.286,1.962,1.621,1.717,1.563,1.66,0
209,전북,6,1.664,1,1.19,2.542,1.286,1.962,1.621,1.717,1.563,1.66,0
210,경기,6,4.908,5.333,6.238,3.667,4.95,4.65,5.029,4.944,5.011,4.945,1
211,경기,6,4.908,5.333,6.238,3.667,4.95,4.65,5.029,4.944,5.011,4.945,0
212,서울,6,4.908,5.333,6.238,3.667,4.95,4.65,5.029,4.944,5.011,4.945,0
213,서울,6,4.908,5.333,6.238,3.667,4.95,4.65,5.029,4.944,5.011,4.945,1
214,서울,6,4.908,5.333,6.238,3.667,4.95,4.65,5.029,4.944,5.011,4.945,1
215,서울,6,4.908,5.333,6.238,3.667,4.95,4.65,5.029,4.944,5.011,4.945,1
216,경기,6,3.916,3.667,4.143,3.458,4.571,4.038,3.739,3.821,3.88,3.917,1
217,경기,6,3.916,3.667,4.143,3.458,4.571,4.038,3.739,3.821,3.88,3.917,0
218,경기,6,3.916,3.667,4.143,3.458,4.571,4.038,3.739,3.821,3.88,3.917,0
219,경기,6,3.916,3.667,4.143,3.458,4.571,4.038,3.739,3.821,3.88,3.917,1
220,경기,5,3.916,3.667,4.143,3.458,4.571,4.038,3.739,3.821,3.88,3.917,0
221,서울,6,3.916,3.667,4.143,3.458,4.571,4.038,3.739,3.821,3.88,3.917,1
222,서울,6,4.32,4.667,3.857,3.917,4.478,4.75,4.159,4.292,4.239,4.33,1
223,인천,6,4.32,4.667,3.857,3.917,4.478,4.75,4.159,4.292,4.239,4.33,1
224,서울,6,4.32,4.667,3.857,3.917,4.478,4.75,4.159,4.292,4.239,4.33,0
225,서울,6,4.32,4.667,3.857,3.917,4.478,4.75,4.159,4.292,4.239,4.33,0
226,강원,5,4.605,4.333,4.381,5.667,4.421,4.5,4.794,4.761,4.653,4.642,1
227,부산,6,4.605,4.333,4.381,5.667,4.421,4.5,4.794,4.761,4.653,4.642,1
228,부산,6,4.605,4.333,4.381,5.667,4.421,4.5,4.794,4.761,4.653,4.642,0
229,부산,6,4.605,4.333,4.381,5.667,4.421,4.5,4.794,4.761,4.653,4.642,0
230,전남,6,4.605,4.333,4.381,5.667,4.421,4.5,4.794,4.761,4.653,4.642,0
231,전남,6,4.605,4.333,4.381,5.667,4.421,4.5,4.794,4.761,4.653,4.642,0
232,서울,6,6.464,7.042,6.792,5.952,6.844,6.571,6.623,6.614,6.693,6.678,0
233,서울,6,6.464,7.042,6.792,5.952,6.844,6.571,6.623,6.614,6.693,6.678,0
234,경기,6,6.464,7.042,6.792,5.952,6.844,6.571,6.623,6.614,6.693,6.678,0
235,서울,6,5.73,5.833,6.143,5.524,5.184,6.5,5.833,5.905,5.596,5.661,0
236,서울,6,5.73,5.833,6.143,5.524,5.184,6.5,5.833,5.905,5.596,5.661,0
237,경기,6,5.73,5.833,6.143,5.524,5.184,6.5,5.833,5.905,5.596,5.661,0
238,서울,6,5.73,5.833,6.143,5.524,5.184,6.5,5.833,5.905,5.596,5.661,0
239,서울,6,5.73,5.833,6.143,5.524,5.184,6.5,5.833,5.905,5.596,5.661,0
240,서울,3,2.261,2.167,2.81,2.81,1.486,3,2.576,2.622,2.198,2.257,0
241,서울,5,2.261,2.167,2.81,2.81,1.486,3,2.576,2.622,2.198,2.257,0
242,서울,4,2.261,2.167,2.81,2.81,1.486,3,2.576,2.622,2.198,2.257,1
243,서울,2,2.261,2.167,2.81,2.81,1.486,3,2.576,2.622,2.198,2.257,0
244,서울,1,2.261,2.167,2.81,2.81,1.486,3,2.576,2.622,2.198,2.257,0
245,서울,2,2.261,2.167,2.81,2.81,1.486,3,2.576,2.622,2.198,2.257,0
246,서울,5,5.759,5.708,5.708,5.667,6.091,5,5.696,5.64,5.824,5.778,0
247,경기,5,5.759,5.708,5.708,5.667,6.091,5,5.696,5.64,5.824,5.778,0
248,서울,5,4.443,3.958,5.714,5.333,3.763,4.5,4.955,4.905,4.519,4.518,0
249,서울,6,4.443,3.958,5.714,5.333,3.763,4.5,4.955,4.905,4.519,4.518,0
250,경기,6,4.443,3.958,5.714,5.333,3.763,4.5,4.955,4.905,4.519,4.518,0
251,경기,6,4.443,3.958,5.714,5.333,3.763,4.5,4.955,4.905,4.519,4.518,0
252,경기,6,4.443,3.958,5.714,5.333,3.763,4.5,4.955,4.905,4.519,4.518,0
253,서울,6,4.443,3.958,5.714,5.333,3.763,4.5,4.955,4.905,4.519,4.518,0
254,서울,6,4.443,3.958,5.714,5.333,3.763,4.5,4.955,4.905,4.519,4.518,0
255,서울,6,4.443,3.958,5.714,5.333,3.763,4.5,4.955,4.905,4.519,4.518,0
256,서울,6,4.443,3.958,5.714,5.333,3.763,4.5,4.955,4.905,4.519,4.518,0
257,경기,6,6.008,6.19,5.952,7.667,5.421,7,6.603,6.648,6.158,6.22,1
258,서울,6,6.008,6.19,5.952,7.667,5.421,7,6.603,6.648,6.158,6.22,0
259,서울,6,6.008,6.19,5.952,7.667,5.421,7,6.603,6.648,6.158,6.22,1
260,서울,6,6.008,6.19,5.952,7.667,5.421,7,6.603,6.648,6.158,6.22,0
261,경기,6,6.008,6.19,5.952,7.667,5.421,7,6.603,6.648,6.158,6.22,1
262,경기,6,6.394,6.5,6.778,5.5,6.308,6.929,6.259,6.397,6.275,6.372,1
263,충남,6,6.41,6.625,6.667,5.429,6.438,6.929,6.258,6.375,6.316,6.393,0
264,대전,6,6.41,6.625,6.667,5.429,6.438,6.929,6.258,6.375,6.316,6.393,0
265,충남,6,6.41,6.625,6.667,5.429,6.438,6.929,6.258,6.375,6.316,6.393,1
266,충남,6,6.41,6.625,6.667,5.429,6.438,6.929,6.258,6.375,6.316,6.393,0
267,전북,6,6.41,6.625,6.667,5.429,6.438,6.929,6.258,6.375,6.316,6.393,0
268,전북,6,6.41,6.625,6.667,5.429,6.438,6.929,6.258,6.375,6.316,6.393,1
269,충북,6,6.394,6.5,6.778,5.5,6.308,6.929,6.259,6.397,6.275,6.372,1
270,경기,4,6.394,6.5,6.778,5.5,6.308,6.929,6.259,6.397,6.275,6.372,1
271,경기,6,6.394,6.5,6.778,5.5,6.308,6.929,6.259,6.397,6.275,6.372,1
272,광주,6,6.394,6.5,6.778,5.5,6.308,6.929,6.259,6.397,6.275,6.372,1
273,경기,6,6.394,6.5,6.778,5.5,6.308,6.929,6.259,6.397,6.275,6.372,0
274,경기,6,6.394,6.5,6.778,5.5,6.308,6.929,6.259,6.397,6.275,6.372,1
275,경기,6,6.394,6.5,6.778,5.5,6.308,6.929,6.259,6.397,6.275,6.372,1
276,경기,6,6.394,6.5,6.778,5.5,6.308,6.929,6.259,6.397,6.275,6.372,1
277,경기,6,4.272,4.708,2.792,4.333,4.421,5.5,3.928,4.091,4.103,4.2,0
278,서울,5,4.272,4.708,2.792,4.333,4.421,5.5,3.928,4.091,4.103,4.2,0
279,서울,6,4.272,4.708,2.792,4.333,4.421,5.5,3.928,4.091,4.103,4.2,0
280,서울,6,4.272,4.708,2.792,4.333,4.421,5.5,3.928,4.091,4.103,4.2,1
281,경기,6,4.272,4.708,2.792,4.333,4.421,5.5,3.928,4.091,4.103,4.2,0
282,경기,6,5.454,6,5.19,5.476,5.286,6.5,5.576,5.676,5.475,5.55,0
283,경기,6,5.454,6,5.19,5.476,5.286,6.5,5.576,5.676,5.475,5.55,0
284,경기,6,5.454,6,5.19,5.476,5.286,6.5,5.576,5.676,5.475,5.55,0
285,경기,6,5.454,6,5.19,5.476,5.286,6.5,5.576,5.676,5.475,5.55,0
286,경기,6,5.454,6,5.19,5.476,5.286,6.5,5.576,5.676,5.475,5.55,1
287,경기,6,5.454,6,5.19,5.476,5.286,6.5,5.576,5.676,5.475,5.55,0
288,강원,6,5.72,5.542,4.458,5.429,6,6.929,5.13,5.434,5.406,5.591,0
289,인천,6,4.574,4.625,4.952,4.5,3.957,4.85,4.681,4.719,4.5,4.563,1
290,경기,6,4.574,4.625,4.952,4.5,3.957,4.85,4.681,4.719,4.5,4.563,1
291,서울,6,4.574,4.625,4.952,4.5,3.957,4.85,4.681,4.719,4.5,4.563,1
292,서울,6,4.574,4.625,4.952,4.5,3.957,4.85,4.681,4.719,4.5,4.563,1
293,서울,3,1.68,1.417,1.333,2.429,1.342,1.5,1.696,1.675,1.57,1.565,1
294,서울,3,1.68,1.417,1.333,2.429,1.342,1.5,1.696,1.675,1.57,1.565,1
295,서울,1,1.68,1.417,1.333,2.429,1.342,1.5,1.696,1.675,1.57,1.565,0
296,서울,2,1.68,1.417,1.333,2.429,1.342,1.5,1.696,1.675,1.57,1.565,0
297,서울,1,1.68,1.417,1.333,2.429,1.342,1.5,1.696,1.675,1.57,1.565,1
298,서울,2,1.68,1.417,1.333,2.429,1.342,1.5,1.696,1.675,1.57,1.565,1
299,서울,6,5.32,5.583,4.81,5.458,4.826,6.2,5.304,5.506,5.185,5.366,0
300,경기,6,5.32,5.583,4.81,5.458,4.826,6.2,5.304,5.506,5.185,5.366,1
301,서울,1,1.092,1,1,1,1,1.231,1,1.063,1,1.055,0
302,서울,4,1.092,1,1,1,1,1.231,1,1.063,1,1.055,1
303,인천,6,1.092,1,1,1,1,1.231,1,1.063,1,1.055,0
304,대전,4,1.092,1,1,1,1,1.231,1,1.063,1,1.055,1
305,부산,6,1.092,1,1,1,1,1.231,1,1.063,1,1.055,1
306,서울,1,1.092,1,1,1,1,1.231,1,1.063,1,1.055,0
307,서울,5,3.68,3.208,4.292,4.238,3.211,3,3.899,3.805,3.654,3.609,0
308,경기,5,3.68,3.208,4.292,4.238,3.211,3,3.899,3.805,3.654,3.609,0
309,서울,5,3.68,3.208,4.292,4.238,3.211,3,3.899,3.805,3.654,3.609,0
310,서울,6,3.68,3.208,4.292,4.238,3.211,3,3.899,3.805,3.654,3.609,0
311,경기,5,3.68,3.208,4.292,4.238,3.211,3,3.899,3.805,3.654,3.609,0
312,경기,5,3.68,3.208,4.292,4.238,3.211,3,3.899,3.805,3.654,3.609,0
313,경기,6,4.983,5.619,5.667,4.042,5.071,4.615,5.061,4.935,5.063,4.953,0
314,경기,6,4.983,5.619,5.667,4.042,5.071,4.615,5.061,4.935,5.063,4.953,0
315,경기,6,4.983,5.619,5.667,4.042,5.071,4.615,5.061,4.935,5.063,4.953,0
316,세종,4,4.983,5.619,5.667,4.042,5.071,4.615,5.061,4.935,5.063,4.953,0
317,경기,6,4.983,5.619,5.667,4.042,5.071,4.615,5.061,4.935,5.063,4.953,1
318,인천,6,4.983,5.619,5.667,4.042,5.071,4.615,5.061,4.935,5.063,4.953,1
319,서울,6,4.205,4.762,3.833,4.571,3.684,4.5,4.364,4.378,4.115,4.143,0
320,서울,6,4.205,4.762,3.833,4.571,3.684,4.5,4.364,4.378,4.115,4.143,0
321,대전,6,4.205,4.762,3.833,4.571,3.684,4.5,4.364,4.378,4.115,4.143,1
322,서울,6,4.205,4.762,3.833,4.571,3.684,4.5,4.364,4.378,4.115,4.143,0
323,경기,5,4.205,4.762,3.833,4.571,3.684,4.5,4.364,4.378,4.115,4.143,0
324,전북,5,4.205,4.762,3.833,4.571,3.684,4.5,4.364,4.378,4.115,4.143,0
325,서울,5,5.101,5.875,5.381,5.083,5,4.5,5.449,5.236,5.348,5.193,0
326,경기,6,5.101,5.875,5.381,5.083,5,4.5,5.449,5.236,5.348,5.193,1
327,경기,5,5.101,5.875,5.381,5.083,5,4.5,5.449,5.236,5.348,5.193,1
328,인천,6,5.101,5.875,5.381,5.083,5,4.5,5.449,5.236,5.348,5.193,0
329,인천,5,5.101,5.875,5.381,5.083,5,4.5,5.449,5.236,5.348,5.193,0
330,경기,6,5.101,5.875,5.381,5.083,5,4.5,5.449,5.236,5.348,5.193,1
331,경기,6,5.479,5.583,5.524,4.833,5.85,5.4,5.304,5.326,5.427,5.422,0
332,서울,1,1.487,1.667,1,1.952,1.448,1,1.515,1.425,1.495,1.431,0
333,서울,1,1.487,1.667,1,1.952,1.448,1,1.515,1.425,1.495,1.431,1
334,서울,2,1.487,1.667,1,1.952,1.448,1,1.515,1.425,1.495,1.431,1
335,서울,1,1.487,1.667,1,1.952,1.448,1,1.515,1.425,1.495,1.431,0
336,서울,2,1.487,1.667,1,1.952,1.448,1,1.515,1.425,1.495,1.431,0
337,서울,2,1.487,1.667,1,1.952,1.448,1,1.515,1.425,1.495,1.431,0
338,서울,6,6.048,5.417,6.5,6.667,5.816,6.5,6.174,6.208,6.047,6.078,0
339,경기,6,6.048,5.417,6.5,6.667,5.816,6.5,6.174,6.208,6.047,6.078,0
340,경기,6,6.048,5.417,6.5,6.667,5.816,6.5,6.174,6.208,6.047,6.078,0
341,충남,5,6.048,5.417,6.5,6.667,5.816,6.5,6.174,6.208,6.047,6.078,0
342,경기,6,6.048,5.417,6.5,6.667,5.816,6.5,6.174,6.208,6.047,6.078,0
343,경기,6,6.048,5.417,6.5,6.667,5.816,6.5,6.174,6.208,6.047,6.078,0
344,경기,6,6.048,5.417,6.5,6.667,5.816,6.5,6.174,6.208,6.047,6.078,0
345,서울,6,6.048,5.417,6.5,6.667,5.816,6.5,6.174,6.208,6.047,6.078,1
346,경기,6,6.048,5.417,6.5,6.667,5.816,6.5,6.174,6.208,6.047,6.078,0
347,서울,6,6.048,5.417,6.5,6.667,5.816,6.5,6.174,6.208,6.047,6.078,0
348,서울,6,6.048,5.417,6.5,6.667,5.816,6.5,6.174,6.208,6.047,6.078,0
349,경기,6,5.103,4.714,5.238,4.375,6.3,5.85,4.758,5.012,5.116,5.255,0
350,충남,6,5.103,4.714,5.238,4.375,6.3,5.85,4.758,5.012,5.116,5.255,1
351,경기,6,5.103,4.714,5.238,4.375,6.3,5.85,4.758,5.012,5.116,5.255,0
352,경기,6,5.103,4.714,5.238,4.375,6.3,5.85,4.758,5.012,5.116,5.255,0
353,경기,6,5.103,4.714,5.238,4.375,6.3,5.85,4.758,5.012,5.116,5.255,0
354,충남,6,5.103,4.714,5.238,4.375,6.3,5.85,4.758,5.012,5.116,5.255,1
355,서울,6,5.065,5.571,4.238,4.19,6.167,5,4.667,4.741,5,5,0
356,경기,5,5.065,5.571,4.238,4.19,6.167,5,4.667,4.741,5,5,0
357,서울,6,5.065,5.571,4.238,4.19,6.167,5,4.667,4.741,5,5,0
358,경기,6,5.065,5.571,4.238,4.19,6.167,5,4.667,4.741,5,5,1
359,경기,6,5.065,5.571,4.238,4.19,6.167,5,4.667,4.741,5,5,0
360,경기,6,5.065,5.571,4.238,4.19,6.167,5,4.667,4.741,5,5,0
361,서울,6,4.584,4.875,4.417,4.857,4.395,5,4.71,4.74,4.598,4.626,0
362,서울,6,4.584,4.875,4.417,4.857,4.395,5,4.71,4.74,4.598,4.626,0
363,경기,6,4.584,4.875,4.417,4.857,4.395,5,4.71,4.74,4.598,4.626,0
364,경기,6,4.584,4.875,4.417,4.857,4.395,5,4.71,4.74,4.598,4.626,0
365,경기,6,4.584,4.875,4.417,4.857,4.395,5,4.71,4.74,4.598,4.626,1
366,충남,5,4.584,4.875,4.417,4.857,4.395,5,4.71,4.74,4.598,4.626,0
367,서울,4,4.504,3.542,4.042,4.429,5.263,5,3.986,4.091,4.439,4.478,0
368,서울,2,4.504,3.542,4.042,4.429,5.263,5,3.986,4.091,4.439,4.478,0
369,경기,6,4.504,3.542,4.042,4.429,5.263,5,3.986,4.091,4.439,4.478,1
370,경기,5,2.069,2.286,1.708,1.571,1.786,2.577,1.848,2.054,1.837,2.019,0
371,서울,4,2.069,2.286,1.708,1.571,1.786,2.577,1.848,2.054,1.837,2.019,0
372,서울,1,2.069,2.286,1.708,1.571,1.786,2.577,1.848,2.054,1.837,2.019,0
373,서울,4,2.069,2.286,1.708,1.571,1.786,2.577,1.848,2.054,1.837,2.019,0
374,서울,3,2.069,2.286,1.708,1.571,1.786,2.577,1.848,2.054,1.837,2.019,0
375,경기,5,2.069,2.286,1.708,1.571,1.786,2.577,1.848,2.054,1.837,2.019,0
376,경기,6,6.571,6,6.542,7.714,6.4,7,6.742,6.77,6.624,6.651,1
377,서울,6,6.571,6,6.542,7.714,6.4,7,6.742,6.77,6.624,6.651,1
378,경기,6,6.571,6,6.542,7.714,6.4,7,6.742,6.77,6.624,6.651,1
379,서울,6,6.571,6,6.542,7.714,6.4,7,6.742,6.77,6.624,6.651,0
380,서울,6,6.571,6,6.542,7.714,6.4,7,6.742,6.77,6.624,6.651,0
381,서울,6,6.571,6,6.542,7.714,6.4,7,6.742,6.77,6.624,6.651,0
382,경기,6,6.571,6,6.542,7.714,6.4,7,6.742,6.77,6.624,6.651,1
383,경기,6,6.571,6,6.542,7.714,6.4,7,6.742,6.77,6.624,6.651,1
384,서울,6,5,4.857,5,4.286,5.414,5.643,4.727,4.888,4.937,5.028,0
385,경기,6,5,4.857,5,4.286,5.414,5.643,4.727,4.888,4.937,5.028,0
386,충남,6,5,4.857,5,4.286,5.414,5.643,4.727,4.888,4.937,5.028,0
387,충남,6,5,4.857,5,4.286,5.414,5.643,4.727,4.888,4.937,5.028,0
388,충남,6,5,4.857,5,4.286,5.414,5.643,4.727,4.888,4.937,5.028,0
389,대전,6,5,4.857,5,4.286,5.414,5.643,4.727,4.888,4.937,5.028,0
390,서울,6,5,5,5,4,5.462,5.643,4.667,4.868,4.925,5.032,1
391,경기,6,6.779,6.81,6.667,6.667,6.5,7.3,6.712,6.849,6.652,6.768,0
392,경기,6,6.779,6.81,6.667,6.667,6.5,7.3,6.712,6.849,6.652,6.768,1
393,경기,6,6.779,6.81,6.667,6.667,6.5,7.3,6.712,6.849,6.652,6.768,0
394,경기,6,6.779,6.81,6.667,6.667,6.5,7.3,6.712,6.849,6.652,6.768,1
395,경기,6,6.779,6.81,6.667,6.667,6.5,7.3,6.712,6.849,6.652,6.768,0
396,경기,6,7.04,6.708,7.083,7.571,6.813,6.857,7.101,7.06,7.01,6.991,1
397,경기,6,7.04,6.708,7.083,7.571,6.813,6.857,7.101,7.06,7.01,6.991,1
398,서울,6,7.04,6.708,7.083,7.571,6.813,6.857,7.101,7.06,7.01,6.991,0
399,경기,6,7.04,6.708,7.083,7.571,6.813,6.857,7.101,7.06,7.01,6.991,1
400,경기,6,7.04,6.708,7.083,7.571,6.813,6.857,7.101,7.06,7.01,6.991,0
401,경기,6,7.04,6.708,7.083,7.571,6.813,6.857,7.101,7.06,7.01,6.991,0
402,서울,6,7.04,6.708,7.083,7.571,6.813,6.857,7.101,7.06,7.01,6.991,0
403,경기,5,5.076,4.571,5.286,5,4.684,6.5,4.952,5.127,4.851,4.972,0
404,서울,5,3.311,4,3.238,3.5,2.75,3.35,3.594,3.539,3.404,3.394,0
405,경기,5,3.311,4,3.238,3.5,2.75,3.35,3.594,3.539,3.404,3.394,0
406,서울,5,3.311,4,3.238,3.5,2.75,3.35,3.594,3.539,3.404,3.394,0
407,서울,5,3.311,4,3.238,3.5,2.75,3.35,3.594,3.539,3.404,3.394,0
408,경기,6,3.311,4,3.238,3.5,2.75,3.35,3.594,3.539,3.404,3.394,0
409,서울,5,3.311,4,3.238,3.5,2.75,3.35,3.594,3.539,3.404,3.394,0
410,서울,4,2.492,2.083,3.238,1.952,2.688,2.714,2.409,2.462,2.5,2.527,0
411,서울,5,2.492,2.083,3.238,1.952,2.688,2.714,2.409,2.462,2.5,2.527,0
412,서울,3,2.492,2.083,3.238,1.952,2.688,2.714,2.409,2.462,2.5,2.527,0
413,서울,4,2.492,2.083,3.238,1.952,2.688,2.714,2.409,2.462,2.5,2.527,1
414,서울,4,2.492,2.083,3.238,1.952,2.688,2.714,2.409,2.462,2.5,2.527,0
415,서울,3,2.492,2.083,3.238,1.952,2.688,2.714,2.409,2.462,2.5,2.527,0
416,인천,6,4.067,4.625,4,3.458,3.714,4.808,4.029,4.242,3.976,4.174,0
417,경기,5,4.067,4.625,4,3.458,3.714,4.808,4.029,4.242,3.976,4.174,0
418,서울,6,4.067,4.625,4,3.458,3.714,4.808,4.029,4.242,3.976,4.174,0
419,서울,5,4.067,4.625,4,3.458,3.714,4.808,4.029,4.242,3.976,4.174,0
420,서울,6,4.067,4.625,4,3.458,3.714,4.808,4.029,4.242,3.976,4.174,0
421,경기,6,4.067,4.625,4,3.458,3.714,4.808,4.029,4.242,3.976,4.174,0
422,서울,5,3.378,4.333,3.25,3.333,3.069,3.357,3.621,3.575,3.453,3.44,0
423,서울,5,3.378,4.333,3.25,3.333,3.069,3.357,3.621,3.575,3.453,3.44,0
424,서울,5,3.378,4.333,3.25,3.333,3.069,3.357,3.621,3.575,3.453,3.44,0
425,서울,5,3.378,4.333,3.25,3.333,3.069,3.357,3.621,3.575,3.453,3.44,0
426,경기,5,3.378,4.333,3.25,3.333,3.069,3.357,3.621,3.575,3.453,3.44,0
427,서울,5,4.264,4.333,3.333,4.708,3.5,5.85,4.116,4.506,3.947,4.278,0
428,서울,5,4.264,4.333,3.333,4.708,3.5,5.85,4.116,4.506,3.947,4.278,0
429,서울,6,4.264,4.333,3.333,4.708,3.5,5.85,4.116,4.506,3.947,4.278,0
430,경기,6,4.264,4.333,3.333,4.708,3.5,5.85,4.116,4.506,3.947,4.278,0
431,서울,5,4.264,4.333,3.333,4.708,3.5,5.85,4.116,4.506,3.947,4.278,0
432,경기,6,4.264,4.333,3.333,4.708,3.5,5.85,4.116,4.506,3.947,4.278,0
433,서울,5,3.689,3.208,3.667,2.917,4.571,3.846,3.246,3.411,3.47,3.56,0
434,서울,4,3.689,3.208,3.667,2.917,4.571,3.846,3.246,3.411,3.47,3.56,0
435,인천,5,3.689,3.208,3.667,2.917,4.571,3.846,3.246,3.411,3.47,3.56,0
436,서울,2,3.689,3.208,3.667,2.917,4.571,3.846,3.246,3.411,3.47,3.56,0
437,서울,4,3.689,3.208,3.667,2.917,4.571,3.846,3.246,3.411,3.47,3.56,0
438,서울,2,3.689,3.208,3.667,2.917,4.571,3.846,3.246,3.411,3.47,3.56,0
439,서울,5,7.908,8.333,8.238,7.095,8.219,7.214,7.889,7.766,8,7.899,0
440,서울,5,7.908,8.333,8.238,7.095,8.219,7.214,7.889,7.766,8,7.899,0
441,서울,5,7.908,8.333,8.238,7.095,8.219,7.214,7.889,7.766,8,7.899,0
442,서울,5,7.908,8.333,8.238,7.095,8.219,7.214,7.889,7.766,8,7.899,0
443,경기,5,7.908,8.333,8.238,7.095,8.219,7.214,7.889,7.766,8,7.899,1
444,경기,6,7.908,8.333,8.238,7.095,8.219,7.214,7.889,7.766,8,7.899,0
445,경기,6,4.402,5,4,5.19,3.813,5.214,4.697,4.787,4.408,4.509,0
446,강원,6,4.402,5,4,5.19,3.813,5.214,4.697,4.787,4.408,4.509,0
447,강원,6,4.402,5,4,5.19,3.813,5.214,4.697,4.787,4.408,4.509,0
448,강원,6,4.402,5,4,5.19,3.813,5.214,4.697,4.787,4.408,4.509,0
449,강원,6,4.402,5,4,5.19,3.813,5.214,4.697,4.787,4.408,4.509,1
450,전남,6,4.402,5,4,5.19,3.813,5.214,4.697,4.787,4.408,4.509,0
451,경기,6,6.37,6.143,6.958,6,6.304,6.9,6.394,6.512,6.371,6.468,0
452,서울,6,6.37,6.143,6.958,6,6.304,6.9,6.394,6.512,6.371,6.468,0
453,경기,6,6.37,6.143,6.958,6,6.304,6.9,6.394,6.512,6.371,6.468,0
454,경기,6,6.37,6.143,6.958,6,6.304,6.9,6.394,6.512,6.371,6.468,0
455,경기,6,6.37,6.143,6.958,6,6.304,6.9,6.394,6.512,6.371,6.468,0
456,경기,6,5.844,6.19,6,5.476,5.684,7,5.894,6.014,5.817,5.902,0
457,경기,6,5.844,6.19,6,5.476,5.684,7,5.894,6.014,5.817,5.902,1
458,경기,6,5.844,6.19,6,5.476,5.684,7,5.894,6.014,5.817,5.902,0
459,경기,6,5.844,6.19,6,5.476,5.684,7,5.894,6.014,5.817,5.902,1
460,서울,2,6.723,6.143,6.583,7.381,7,6.143,6.697,6.6,6.789,6.706,0
461,서울,3,6.723,6.143,6.583,7.381,7,6.143,6.697,6.6,6.789,6.706,0
462,경기,4,6.723,6.143,6.583,7.381,7,6.143,6.697,6.6,6.789,6.706,0
463,서울,4,6.723,6.143,6.583,7.381,7,6.143,6.697,6.6,6.789,6.706,0
464,경기,6,6.723,6.143,6.583,7.381,7,6.143,6.697,6.6,6.789,6.706,1
465,경기,6,6.723,6.143,6.583,7.381,7,6.143,6.697,6.6,6.789,6.706,0
466,경기,6,6.723,6.143,6.583,7.381,7,6.143,6.697,6.6,6.789,6.706,0
467,서울,4,2.513,3.25,2.238,1.417,3,2.654,2.304,2.4,2.422,2.477,1
468,서울,3,2.513,3.25,2.238,1.417,3,2.654,2.304,2.4,2.422,2.477,0
469,서울,3,2.513,3.25,2.238,1.417,3,2.654,2.304,2.4,2.422,2.477,0
470,서울,4,2.513,3.25,2.238,1.417,3,2.654,2.304,2.4,2.422,2.477,1
471,서울,5,2.513,3.25,2.238,1.417,3,2.654,2.304,2.4,2.422,2.477,1
472,서울,4,2.513,3.25,2.238,1.417,3,2.654,2.304,2.4,2.422,2.477,0
473,경기,6,7.156,7.25,6.792,7.952,6.829,7,7.304,7.273,7.144,7.134,0
474,경기,6,7.156,7.25,6.792,7.952,6.829,7,7.304,7.273,7.144,7.134,0
475,충남,5,7.156,7.25,6.792,7.952,6.829,7,7.304,7.273,7.144,7.134,0
476,충북,6,7.156,7.25,6.792,7.952,6.829,7,7.304,7.273,7.144,7.134,0
477,서울,4,1.681,2.042,1.524,1.333,1.5,1.808,1.638,1.684,1.614,1.661,0
478,서울,3,1.681,2.042,1.524,1.333,1.5,1.808,1.638,1.684,1.614,1.661,1
479,서울,2,1.681,2.042,1.524,1.333,1.5,1.808,1.638,1.684,1.614,1.661,1
480,서울,4,1.681,2.042,1.524,1.333,1.5,1.808,1.638,1.684,1.614,1.661,0
481,서울,4,1.681,2.042,1.524,1.333,1.5,1.808,1.638,1.684,1.614,1.661,1
482,서울,1,1.681,2.042,1.524,1.333,1.5,1.808,1.638,1.684,1.614,1.661,0
483,서울,5,4.227,4.833,5.571,3.083,4,2.885,4.449,4.021,4.373,4.018,0
484,서울,5,4.227,4.833,5.571,3.083,4,2.885,4.449,4.021,4.373,4.018,0
485,서울,5,4.227,4.833,5.571,3.083,4,2.885,4.449,4.021,4.373,4.018,0
486,경기,5,4.227,4.833,5.571,3.083,4,2.885,4.449,4.021,4.373,4.018,0
487,경기,5,4.227,4.833,5.571,3.083,4,2.885,4.449,4.021,4.373,4.018,0
488,경기,6,4.227,4.833,5.571,3.083,4,2.885,4.449,4.021,4.373,4.018,1
489,대전,6,3.378,2.375,4.429,3.625,3.5,3.692,3.435,3.505,3.446,3.505,1
490,대전,6,3.378,2.375,4.429,3.625,3.5,3.692,3.435,3.505,3.446,3.505,1
491,대전,6,3.378,2.375,4.429,3.625,3.5,3.692,3.435,3.505,3.446,3.505,0
492,충남,5,3.378,2.375,4.429,3.625,3.5,3.692,3.435,3.505,3.446,3.505,0
493,충북,6,3.378,2.375,4.429,3.625,3.5,3.692,3.435,3.505,3.446,3.505,1
494,충북,6,3.378,2.375,4.429,3.625,3.5,3.692,3.435,3.505,3.446,3.505,0
495,서울,6,3.704,3.458,3.667,3.81,3.632,4,3.638,3.675,3.636,3.661,1
496,서울,6,3.704,3.458,3.667,3.81,3.632,4,3.638,3.675,3.636,3.661,0
497,서울,5,3.704,3.458,3.667,3.81,3.632,4,3.638,3.675,3.636,3.661,0
498,서울,6,3.704,3.458,3.667,3.81,3.632,4,3.638,3.675,3.636,3.661,0
499,경기,5,3.704,3.458,3.667,3.81,3.632,4,3.638,3.675,3.636,3.661,0
500,충남,6,3.704,3.458,3.667,3.81,3.632,4,3.638,3.675,3.636,3.661,0
501,서울,6,5.516,5.792,5.81,5.619,5.711,4,5.742,5.554,5.731,5.607,0
502,서울,5,2.784,3.25,2.042,2.714,3.063,3.286,2.667,2.771,2.792,2.852,0
503,서울,5,2.784,3.25,2.042,2.714,3.063,3.286,2.667,2.771,2.792,2.852,0
504,서울,5,2.784,3.25,2.042,2.714,3.063,3.286,2.667,2.771,2.792,2.852,0
505,서울,5,2.784,3.25,2.042,2.714,3.063,3.286,2.667,2.771,2.792,2.852,0
506,서울,4,2.784,3.25,2.042,2.714,3.063,3.286,2.667,2.771,2.792,2.852,0
507,서울,5,4.631,4,4.792,5.333,4.895,4.5,4.712,4.689,4.779,4.759,0
508,서울,5,4.631,4,4.792,5.333,4.895,4.5,4.712,4.689,4.779,4.759,0
509,서울,4,4.631,4,4.792,5.333,4.895,4.5,4.712,4.689,4.779,4.759,0
510,경기,5,4.631,4,4.792,5.333,4.895,4.5,4.712,4.689,4.779,4.759,0
511,경기,4,4.631,4,4.792,5.333,4.895,4.5,4.712,4.689,4.779,4.759,0
512,경기,6,4.631,4,4.792,5.333,4.895,4.5,4.712,4.689,4.779,4.759,0
513,인천,6,4.631,4,4.792,5.333,4.895,4.5,4.712,4.689,4.779,4.759,0
514,서울,5,2.688,2.5,2.833,2.714,2.219,2.857,2.681,2.711,2.535,2.574,0
515,서울,5,2.688,2.5,2.833,2.714,2.219,2.857,2.681,2.711,2.535,2.574,0
516,경기,5,2.688,2.5,2.833,2.714,2.219,2.857,2.681,2.711,2.535,2.574,1
517,서울,5,2.688,2.5,2.833,2.714,2.219,2.857,2.681,2.711,2.535,2.574,0
518,서울,5,2.688,2.5,2.833,2.714,2.219,2.857,2.681,2.711,2.535,2.574,0
519,서울,3,2.688,2.5,2.833,2.714,2.219,2.857,2.681,2.711,2.535,2.574,0
520,서울,5,6.074,6.333,5.762,5.429,6.263,6,5.864,5.878,6.01,6.009,0
521,서울,4,6.074,6.333,5.762,5.429,6.263,6,5.864,5.878,6.01,6.009,0
522,서울,6,6.074,6.333,5.762,5.429,6.263,6,5.864,5.878,6.01,6.009,0
523,서울,4,6.074,6.333,5.762,5.429,6.263,6,5.864,5.878,6.01,6.009,0
524,경기,6,6.074,6.333,5.762,5.429,6.263,6,5.864,5.878,6.01,6.009,0
525,경기,6,6.074,6.333,5.762,5.429,6.263,6,5.864,5.878,6.01,6.009,0
526,경기,6,6.074,6.333,5.762,5.429,6.263,6,5.864,5.878,6.01,6.009,0
527,전북,6,6.074,6.333,5.762,5.429,6.263,6,5.864,5.878,6.01,6.009,0
528,경기,6,7.192,7.375,6.667,7.238,7.263,7.5,7.087,7.13,7.15,7.174,0
529,광주,6,7.192,7.375,6.667,7.238,7.263,7.5,7.087,7.13,7.15,7.174,0
530,대구,6,7.192,7.375,6.667,7.238,7.263,7.5,7.087,7.13,7.15,7.174,0
531,부산,6,7.192,7.375,6.667,7.238,7.263,7.5,7.087,7.13,7.15,7.174,0
532,충남,6,7.192,7.375,6.667,7.238,7.263,7.5,7.087,7.13,7.15,7.174,0
533,충남,6,7.192,7.375,6.667,7.238,7.263,7.5,7.087,7.13,7.15,7.174,0
534,서울,5,3.744,2.917,2.583,5.524,3.737,4.5,3.594,3.688,3.645,3.704,0
535,서울,5,3.744,2.917,2.583,5.524,3.737,4.5,3.594,3.688,3.645,3.704,0
536,서울,5,3.744,2.917,2.583,5.524,3.737,4.5,3.594,3.688,3.645,3.704,0
537,서울,4,3.744,2.917,2.583,5.524,3.737,4.5,3.594,3.688,3.645,3.704,0
538,서울,4,3.744,2.917,2.583,5.524,3.737,4.5,3.594,3.688,3.645,3.704,0
539,서울,4,4.033,4.083,4.143,4.762,3.158,4,4.318,4.284,3.894,3.902,0
540,서울,5,4.033,4.083,4.143,4.762,3.158,4,4.318,4.284,3.894,3.902,0
541,서울,5,4.033,4.083,4.143,4.762,3.158,4,4.318,4.284,3.894,3.902,0
542,서울,5,4.033,4.083,4.143,4.762,3.158,4,4.318,4.284,3.894,3.902,0
543,서울,3,4.033,4.083,4.143,4.762,3.158,4,4.318,4.284,3.894,3.902,0
544,서울,4,4.033,4.083,4.143,4.762,3.158,4,4.318,4.284,3.894,3.902,0
545,서울,5,2.992,1.952,2.917,3.381,3.211,3,2.758,2.784,2.923,2.929,0
546,서울,3,2.992,1.952,2.917,3.381,3.211,3,2.758,2.784,2.923,2.929,0
547,서울,4,2.721,3.13,2.25,2.105,2.588,3.714,2.532,2.652,2.552,2.631,0
548,서울,4,2.721,3.13,2.25,2.105,2.588,3.714,2.532,2.652,2.552,2.631,0
549,서울,3,2.721,3.13,2.25,2.105,2.588,3.714,2.532,2.652,2.552,2.631,0
550,서울,4,2.721,3.13,2.25,2.105,2.588,3.714,2.532,2.652,2.552,2.631,0
551,인천,5,4.912,4.083,4.417,5.333,5.079,5.5,4.58,4.675,4.757,4.809,0
552,서울,4,4.912,4.083,4.417,5.333,5.079,5.5,4.58,4.675,4.757,4.809,0
553,서울,5,4.912,4.083,4.417,5.333,5.079,5.5,4.58,4.675,4.757,4.809,0
554,경기,5,4.912,4.083,4.417,5.333,5.079,5.5,4.58,4.675,4.757,4.809,0
555,경기,5,4.912,4.083,4.417,5.333,5.079,5.5,4.58,4.675,4.757,4.809,0
556,강원,5,4.912,4.083,4.417,5.333,5.079,5.5,4.58,4.675,4.757,4.809,0
557,서울,6,4.836,5.25,4.81,4.524,4.658,4,4.879,4.784,4.798,4.741,0
558,경기,6,4.836,5.25,4.81,4.524,4.658,4,4.879,4.784,4.798,4.741,0
559,충북,5,4.836,5.25,4.81,4.524,4.658,4,4.879,4.784,4.798,4.741,0
560,서울,5,5,5.19,4.19,5.286,4.969,5.214,4.889,4.948,4.916,4.954,0
561,서울,5,5,5.19,4.19,5.286,4.969,5.214,4.889,4.948,4.916,4.954,0
562,서울,4,5,5.19,4.19,5.286,4.969,5.214,4.889,4.948,4.916,4.954,0
563,서울,6,5,5.19,4.19,5.286,4.969,5.214,4.889,4.948,4.916,4.954,0
564,경기,6,5,5.19,4.19,5.286,4.969,5.214,4.889,4.948,4.916,4.954,0
565,경기,5,5,5.19,4.19,5.286,4.969,5.214,4.889,4.948,4.916,4.954,0
566,서울,4,5,5.19,4.19,5.286,4.969,5.214,4.889,4.948,4.916,4.954,0
567,인천,6,5,5.19,4.19,5.286,4.969,5.214,4.889,4.948,4.916,4.954,0
568,서울,5,7.176,7,7.792,7.143,7.263,7,7.319,7.286,7.299,7.278,0
569,서울,5,7.176,7,7.792,7.143,7.263,7,7.319,7.286,7.299,7.278,0
570,경기,6,7.176,7,7.792,7.143,7.263,7,7.319,7.286,7.299,7.278,0
571,전북,6,7.176,7,7.792,7.143,7.263,7,7.319,7.286,7.299,7.278,0
572,경기,6,7.176,7,7.792,7.143,7.263,7,7.319,7.286,7.299,7.278,0
573,경기,6,7.176,7,7.792,7.143,7.263,7,7.319,7.286,7.299,7.278,0
574,충남,6,7.176,7,7.792,7.143,7.263,7,7.319,7.286,7.299,7.278,0
575,충북,6,7.176,7,7.792,7.143,7.263,7,7.319,7.286,7.299,7.278,0
576,경기,6,5.049,4.762,4.375,5.857,5.053,6,4.97,5.081,5,5.071,0
577,경기,6,5.049,4.762,4.375,5.857,5.053,6,4.97,5.081,5,5.071,0
578,경기,6,5.049,4.762,4.375,5.857,5.053,6,4.97,5.081,5,5.071,1
579,경기,6,5.049,4.762,4.375,5.857,5.053,6,4.97,5.081,5,5.071,0
580,경기,6,5.049,4.762,4.375,5.857,5.053,6,4.97,5.081,5,5.071,0
581,경기,6,5.049,4.762,4.375,5.857,5.053,6,4.97,5.081,5,5.071,0
582,서울,4,2.129,1.524,2.19,3.619,1.8,1,2.444,2.282,2.214,2.123,1
583,서울,5,2.129,1.524,2.19,3.619,1.8,1,2.444,2.282,2.214,2.123,0
584,서울,5,2.129,1.524,2.19,3.619,1.8,1,2.444,2.282,2.214,2.123,0
585,서울,3,2.129,1.524,2.19,3.619,1.8,1,2.444,2.282,2.214,2.123,0
586,서울,4,2.129,1.524,2.19,3.619,1.8,1,2.444,2.282,2.214,2.123,0
587,경기,5,2.129,1.524,2.19,3.619,1.8,1,2.444,2.282,2.214,2.123,1
588,경기,6,4.377,4.542,5.048,4.667,3.842,4.5,4.742,4.716,4.413,4.42,1
589,서울,4,4.377,4.542,5.048,4.667,3.842,4.5,4.742,4.716,4.413,4.42,0
590,경기,6,4.377,4.542,5.048,4.667,3.842,4.5,4.742,4.716,4.413,4.42,0
591,경기,6,4.377,4.542,5.048,4.667,3.842,4.5,4.742,4.716,4.413,4.42,0
592,인천,5,4.377,4.542,5.048,4.667,3.842,4.5,4.742,4.716,4.413,4.42,0
593,서울,3,4.377,4.542,5.048,4.667,3.842,4.5,4.742,4.716,4.413,4.42,0
594,서울,5,4.377,4.542,5.048,4.667,3.842,4.5,4.742,4.716,4.413,4.42,0
595,서울,5,4.377,4.542,5.048,4.667,3.842,4.5,4.742,4.716,4.413,4.42,0
596,서울,5,5.279,4.476,4.75,6.524,5.079,5.5,5.227,5.257,5.173,5.196,0
597,서울,5,4.336,4.571,4.667,4.667,3.974,4,4.636,4.568,4.394,4.366,0
598,서울,6,4.336,4.571,4.667,4.667,3.974,4,4.636,4.568,4.394,4.366,0
599,경기,5,4.336,4.571,4.667,4.667,3.974,4,4.636,4.568,4.394,4.366,0
600,경기,6,4.336,4.571,4.667,4.667,3.974,4,4.636,4.568,4.394,4.366,1
601,경기,5,4.336,4.571,4.667,4.667,3.974,4,4.636,4.568,4.394,4.366,0
602,경기,6,4.336,4.571,4.667,4.667,3.974,4,4.636,4.568,4.394,4.366,0
603,서울,5,3.056,2.542,2.917,3.286,3.158,4.5,2.899,3.065,2.991,3.096,0
604,서울,5,3.056,2.542,2.917,3.286,3.158,4.5,2.899,3.065,2.991,3.096,0
605,서울,5,3.056,2.542,2.917,3.286,3.158,4.5,2.899,3.065,2.991,3.096,0
606,서울,4,3.056,2.542,2.917,3.286,3.158,4.5,2.899,3.065,2.991,3.096,0
607,서울,5,3.056,2.542,2.917,3.286,3.158,4.5,2.899,3.065,2.991,3.096,0
608,서울,5,3.056,2.542,2.917,3.286,3.158,4.5,2.899,3.065,2.991,3.096,0
609,경기,5,5.82,5.625,5.333,6.667,5.625,6.357,5.864,5.95,5.786,5.857,0
610,경기,6,4.8,4.792,4.875,4.19,4.842,4.5,4.638,4.623,4.71,4.696,0
611,인천,5,4.8,4.792,4.875,4.19,4.842,4.5,4.638,4.623,4.71,4.696,0
612,서울,3,4.8,4.792,4.875,4.19,4.842,4.5,4.638,4.623,4.71,4.696,0
613,서울,5,4.8,4.792,4.875,4.19,4.842,4.5,4.638,4.623,4.71,4.696,0
614,서울,5,4.8,4.792,4.875,4.19,4.842,4.5,4.638,4.623,4.71,4.696,0
615,서울,4,4.8,4.792,4.875,4.19,4.842,4.5,4.638,4.623,4.71,4.696,0
616,대전,6,6.768,7.417,5.875,7.81,6.469,7.714,7,7.12,6.832,6.939,0
617,대전,6,6.768,7.417,5.875,7.81,6.469,7.714,7,7.12,6.832,6.939,0
618,부산,6,6.768,7.417,5.875,7.81,6.469,7.714,7,7.12,6.832,6.939,1
619,대전,6,6.768,7.417,5.875,7.81,6.469,7.714,7,7.12,6.832,6.939,0
620,부산,6,6.768,7.417,5.875,7.81,6.469,7.714,7,7.12,6.832,6.939,0
621,부산,6,6.768,7.417,5.875,7.81,6.469,7.714,7,7.12,6.832,6.939,0
622,인천,6,4.975,4.875,4.81,5,4.478,5.2,4.894,4.965,4.787,4.862,0
623,서울,6,4.975,4.875,4.81,5,4.478,5.2,4.894,4.965,4.787,4.862,0
624,경기,6,4.975,4.875,4.81,5,4.478,5.2,4.894,4.965,4.787,4.862,0
625,서울,3,4.975,4.875,4.81,5,4.478,5.2,4.894,4.965,4.787,4.862,0
626,인천,5,4.975,4.875,4.81,5,4.478,5.2,4.894,4.965,4.787,4.862,0
627,서울,2,2.512,3.125,1.792,2.238,2.553,2,2.391,2.351,2.449,2.417,0
628,서울,2,2.512,3.125,1.792,2.238,2.553,2,2.391,2.351,2.449,2.417,0
629,경기,6,2.512,3.125,1.792,2.238,2.553,2,2.391,2.351,2.449,2.417,0
630,인천,5,2.512,3.125,1.792,2.238,2.553,2,2.391,2.351,2.449,2.417,0
631,서울,5,4.32,3.75,3.5,5.857,4.026,5.5,4.304,4.429,4.206,4.296,0
632,서울,2,4.32,3.75,3.5,5.857,4.026,5.5,4.304,4.429,4.206,4.296,0
633,서울,5,4.32,3.75,3.5,5.857,4.026,5.5,4.304,4.429,4.206,4.296,0
634,서울,5,4.32,3.75,3.5,5.857,4.026,5.5,4.304,4.429,4.206,4.296,0
635,경기,6,4.32,3.75,3.5,5.857,4.026,5.5,4.304,4.429,4.206,4.296,0
636,경기,5,4.32,3.75,3.5,5.857,4.026,5.5,4.304,4.429,4.206,4.296,0
637,경기,6,5.705,5.417,5.381,5.714,5.579,7,5.5,5.662,5.529,5.634,0
638,경기,6,5.705,5.417,5.381,5.714,5.579,7,5.5,5.662,5.529,5.634,0
639,충남,6,5.705,5.417,5.381,5.714,5.579,7,5.5,5.662,5.529,5.634,0
640,강원,6,5.705,5.417,5.381,5.714,5.579,7,5.5,5.662,5.529,5.634,0
641,서울,6,5.705,5.417,5.381,5.714,5.579,7,5.5,5.662,5.529,5.634,0
642,충남,6,5.705,5.417,5.381,5.714,5.579,7,5.5,5.662,5.529,5.634,1
643,경기,5,4.296,4.208,4.167,4.857,3.868,4,4.391,4.351,4.206,4.191,0
644,서울,5,4.296,4.208,4.167,4.857,3.868,4,4.391,4.351,4.206,4.191,0
645,경기,6,4.296,4.208,4.167,4.857,3.868,4,4.391,4.351,4.206,4.191,0
646,경기,5,4.296,4.208,4.167,4.857,3.868,4,4.391,4.351,4.206,4.191,0
647,전북,4,4.296,4.208,4.167,4.857,3.868,4,4.391,4.351,4.206,4.191,0
648,충남,5,4.296,4.208,4.167,4.857,3.868,4,4.391,4.351,4.206,4.191,0
649,서울,6,4.385,4.278,4.222,5,3.938,4,4.5,4.435,4.291,4.266,0
650,경북,5,5.197,4.75,5.19,6.19,4.5,6.286,5.348,5.513,5.071,5.223,0
651,서울,6,5.197,4.75,5.19,6.19,4.5,6.286,5.348,5.513,5.071,5.223,0
652,경기,6,5.197,4.75,5.19,6.19,4.5,6.286,5.348,5.513,5.071,5.223,0
653,경기,6,5.197,4.75,5.19,6.19,4.5,6.286,5.348,5.513,5.071,5.223,0
654,경북,6,5.197,4.75,5.19,6.19,4.5,6.286,5.348,5.513,5.071,5.223,1
655,서울,6,3.107,2.75,2.762,3.429,3.031,3.429,2.97,3.05,2.99,3.045,0
656,서울,5,3.107,2.75,2.762,3.429,3.031,3.429,2.97,3.05,2.99,3.045,0
657,서울,5,3.107,2.75,2.762,3.429,3.031,3.429,2.97,3.05,2.99,3.045,1
658,서울,5,3.107,2.75,2.762,3.429,3.031,3.429,2.97,3.05,2.99,3.045,0
659,경기,5,3.107,2.75,2.762,3.429,3.031,3.429,2.97,3.05,2.99,3.045,1
660,인천,5,3.107,2.75,2.762,3.429,3.031,3.429,2.97,3.05,2.99,3.045,0
661,강원,6,6.267,6.545,6.545,6.526,6,5.5,6.54,6.449,6.366,6.313,0
662,대전,6,6.267,6.545,6.545,6.526,6,5.5,6.54,6.449,6.366,6.313,0
663,강원,6,6.267,6.545,6.545,6.526,6,5.5,6.54,6.449,6.366,6.313,0
664,충남,6,6.267,6.545,6.545,6.526,6,5.5,6.54,6.449,6.366,6.313,0
665,충북,6,6.267,6.545,6.545,6.526,6,5.5,6.54,6.449,6.366,6.313,0
666,충남,6,5.311,5.167,6,6.381,4.188,5.571,5.818,5.775,5.286,5.321,0
667,경기,6,5.311,5.167,6,6.381,4.188,5.571,5.818,5.775,5.286,5.321,0
668,경기,6,5.311,5.167,6,6.381,4.188,5.571,5.818,5.775,5.286,5.321,0
669,경기,6,5.311,5.167,6,6.381,4.188,5.571,5.818,5.775,5.286,5.321,0
670,경기,6,5.311,5.167,6,6.381,4.188,5.571,5.818,5.775,5.286,5.321,0
671,경기,6,5.311,5.167,6,6.381,4.188,5.571,5.818,5.775,5.286,5.321,0
672,충남,6,6.762,7.042,7.429,6.762,6.406,6.214,7.076,6.925,6.857,6.777,0
673,충남,6,6.762,7.042,7.429,6.762,6.406,6.214,7.076,6.925,6.857,6.777,1
674,충남,6,6.762,7.042,7.429,6.762,6.406,6.214,7.076,6.925,6.857,6.777,1
675,충남,6,6.762,7.042,7.429,6.762,6.406,6.214,7.076,6.925,6.857,6.777,0
676,경북,6,6.762,7.042,7.429,6.762,6.406,6.214,7.076,6.925,6.857,6.777,0
677,충남,6,6.762,7.042,7.429,6.762,6.406,6.214,7.076,6.925,6.857,6.777,0
678,경기,6,6.408,6.333,6.708,7.19,5.938,6.357,6.725,6.663,6.475,6.461,0
679,경북,6,6.443,6.583,6.238,6.286,6.105,7,6.379,6.446,6.279,6.33,0
680,강원,6,6.443,6.583,6.238,6.286,6.105,7,6.379,6.446,6.279,6.33,0
681,충남,6,6.443,6.583,6.238,6.286,6.105,7,6.379,6.446,6.279,6.33,0
682,부산,6,6.443,6.583,6.238,6.286,6.105,7,6.379,6.446,6.279,6.33,0
683,울산,6,6.443,6.583,6.238,6.286,6.105,7,6.379,6.446,6.279,6.33,1
684,전북,6,6.443,6.583,6.238,6.286,6.105,7,6.379,6.446,6.279,6.33,0
685,서울,1,2.303,2.167,2.095,1.429,2.862,2.643,1.909,2.038,2.2,2.257,0
686,서울,4,2.303,2.167,2.095,1.429,2.862,2.643,1.909,2.038,2.2,2.257,0
687,서울,3,2.303,2.167,2.095,1.429,2.862,2.643,1.909,2.038,2.2,2.257,0
688,서울,3,2.303,2.167,2.095,1.429,2.862,2.643,1.909,2.038,2.2,2.257,0
689,서울,5,2.303,2.167,2.095,1.429,2.862,2.643,1.909,2.038,2.2,2.257,0
690,서울,4,2.303,2.167,2.095,1.429,2.862,2.643,1.909,2.038,2.2,2.257,0
691,서울,4,2.58,2.5,3.238,2.19,1.943,3,2.636,2.676,2.396,2.44,0
692,서울,5,2.58,2.5,3.238,2.19,1.943,3,2.636,2.676,2.396,2.44,0
693,서울,4,2.58,2.5,3.238,2.19,1.943,3,2.636,2.676,2.396,2.44,0
694,서울,3,2.58,2.5,3.238,2.19,1.943,3,2.636,2.676,2.396,2.44,0
695,서울,4,2.58,2.5,3.238,2.19,1.943,3,2.636,2.676,2.396,2.44,0
696,서울,3,2.58,2.5,3.238,2.19,1.943,3,2.636,2.676,2.396,2.44,0
697,인천,2,3.533,3.417,4.524,3.857,2.711,4,3.909,3.919,3.471,3.509,0
698,경남,2,3.533,3.417,4.524,3.857,2.711,4,3.909,3.919,3.471,3.509,0
699,광주,2,3.533,3.417,4.524,3.857,2.711,4,3.909,3.919,3.471,3.509,0
700,전북,2,3.533,3.417,4.524,3.857,2.711,4,3.909,3.919,3.471,3.509,0
701,충북,2,3.533,3.417,4.524,3.857,2.711,4,3.909,3.919,3.471,3.509,0
702,강원,2,3.533,3.417,4.524,3.857,2.711,4,3.909,3.919,3.471,3.509,0
703,경기,6,,,,,,,,,,,0
704,경기,6,,,,,,,,,,,0
705,서울,6,,,,,,,,,,,0
706,경기,6,,,,,,,,,,,0
707,경기,6,,,,,,,,,,,0
708,경기,6,,,,,,,,,,,0
709,서울,6,,,,,,,,,,,0
